"sigma","mu"
"Wheat",-0.088091824269559,0.00440619920170436
"Oats",-0.0758919704616973,0.0049778249815116
"Barley",-0.0649535307687943,0.00401323346924717
"Flax",-0.0668676123147965,0.00415072732087848
"Canola",-0.0487283047145898,0.00309973023033176
